{"id":1496,"date":"2024-11-27T20:05:16","date_gmt":"2024-11-27T17:05:16","guid":{"rendered":"https:\/\/okrugmorskoy.ru\/?page_id=1496"},"modified":"2024-12-20T21:10:28","modified_gmt":"2024-12-20T18:10:28","slug":"tsenyi","status":"publish","type":"page","link":"https:\/\/okrugmorskoy.ru\/remontmsk","title":{"rendered":"\u0426\u0435\u043d\u044b"},"content":{"rendered":"<div class=\"flat_pm_start\"><\/div>\n<p>\n<table id=\"tablepress-11\" class=\"tablepress tablepress-id-11\">\n<thead>\n<tr class=\"row-1\">\n\t<th class=\"column-1\">\u0414\u0415\u0420\u0415\u0412\u042f\u041d\u041d\u042b\u0419 \u0414\u041e\u041c<\/th><th class=\"column-2\">\u041f\u041e\u0414\u042a\u0415\u041c \u041d\u0410 10 \u0421\u041c<\/th><th class=\"column-3\">\u041f\u041e\u0414\u042a\u0415\u041c \u041d\u0410 20 \u0421\u041c<\/th><th class=\"column-4\">\u041f\u041e\u0414\u042a\u0415\u041c \u041d\u0410 30 \u0421\u041c<\/th><th class=\"column-5\">\u041f\u041e\u0414\u042a\u0415\u041c \u041d\u0410 40 \u0421\u041c<\/th>\n<\/tr>\n<\/thead>\n<tbody class=\"row-striping row-hover\">\n<tr class=\"row-2\">\n\t<td class=\"column-1\">\u0414\u043e\u043c 5\u04455<\/td><td class=\"column-2\">\u043e\u0442 15000 \u0440\u0443\u0431.<\/td><td class=\"column-3\">\u043e\u0442 15000 \u0440\u0443\u0431.<\/td><td class=\"column-4\">\u043e\u0442 20000 \u0440\u0443\u0431.<\/td><td class=\"column-5\">\u043e\u0442 20000 \u0440\u0443\u0431.<\/td>\n<\/tr>\n<tr class=\"row-3\">\n\t<td class=\"column-1\">\u0414\u043e\u043c 6\u04456<\/td><td class=\"column-2\">\u043e\u0442 20000 \u0440\u0443\u0431.<\/td><td class=\"column-3\">\u043e\u0442 20000 \u0440\u0443\u0431.<\/td><td class=\"column-4\">\u043e\u0442 25000 \u0440\u0443\u0431.<\/td><td class=\"column-5\">\u043e\u0442 25000 \u0440\u0443\u0431.<\/td>\n<\/tr>\n<tr class=\"row-4\">\n\t<td class=\"column-1\">\u0414\u043e\u043c 6\u04458<\/td><td class=\"column-2\">\u043e\u0442 20000 \u0440\u0443\u0431.<\/td><td class=\"column-3\">\u043e\u0442 20000 \u0440\u0443\u0431.<\/td><td class=\"column-4\">\u043e\u0442 25000 \u0440\u0443\u0431.<\/td><td class=\"column-5\">\u043e\u0442 25000 \u0440\u0443\u0431.<\/td>\n<\/tr>\n<tr class=\"row-5\">\n\t<td class=\"column-1\">\u0414\u043e\u043c 9\u04459<\/td><td class=\"column-2\">\u043e\u0442 25000 \u0440\u0443\u0431.<\/td><td class=\"column-3\">\u043e\u0442 25000 \u0440\u0443\u0431.<\/td><td class=\"column-4\">\u043e\u0442 25000 \u0440\u0443\u0431.<\/td><td class=\"column-5\">\u043e\u0442 25000 \u0440\u0443\u0431.<\/td>\n<\/tr>\n<tr class=\"row-6\">\n\t<td class=\"column-1\">\u0414\u043e\u043c 10\u044510<\/td><td class=\"column-2\">\u043e\u0442 25000 \u0440\u0443\u0431.<\/td><td class=\"column-3\">\u043e\u0442 25000 \u0440\u0443\u0431.<\/td><td class=\"column-4\">\u043e\u0442 30000 \u0440\u0443\u0431.<\/td><td class=\"column-5\">\u043e\u0442 30000 \u0440\u0443\u0431.<\/td>\n<\/tr>\n<tr class=\"row-7\">\n\t<td class=\"column-1\">\u0411\u0430\u043d\u044f 5\u04455<\/td><td class=\"column-2\">\u043e\u0442 15000 \u0440\u0443\u0431.<\/td><td class=\"column-3\">\u043e\u0442 15000 \u0440\u0443\u0431.<\/td><td class=\"column-4\">\u043e\u0442 20000 \u0440\u0443\u0431.<\/td><td class=\"column-5\">\u043e\u0442 20000 \u0440\u0443\u0431.<\/td>\n<\/tr>\n<tr class=\"row-8\">\n\t<td class=\"column-1\">\u0411\u0430\u043d\u044f 6\u04456<\/td><td class=\"column-2\">\u043e\u0442 20000 \u0440\u0443\u0431.<\/td><td class=\"column-3\">\u043e\u0442 20000 \u0440\u0443\u0431.<\/td><td class=\"column-4\">\u043e\u0442 25000 \u0440\u0443\u0431.<\/td><td class=\"column-5\">\u043e\u0442 25000 \u0440\u0443\u0431.<\/td>\n<\/tr>\n<tr class=\"row-9\">\n\t<td class=\"column-1\">\u0411\u0430\u043d\u044f 6\u04458<\/td><td class=\"column-2\">\u043e\u0442 20000 \u0440\u0443\u0431.<\/td><td class=\"column-3\">\u043e\u0442 20000 \u0440\u0443\u0431.<\/td><td class=\"column-4\">\u043e\u0442 25000 \u0440\u0443\u0431.<\/td><td class=\"column-5\">\u043e\u0442 25000 \u0440\u0443\u0431.<\/td>\n<\/tr>\n<tr class=\"row-10\">\n\t<td class=\"column-1\">\u0411\u0430\u043d\u044f 9\u04459<\/td><td class=\"column-2\">\u043e\u0442 25000 \u0440\u0443\u0431.<\/td><td class=\"column-3\">\u043e\u0442 25000 \u0440\u0443\u0431.<\/td><td class=\"column-4\">\u043e\u0442 25000 \u0440\u0443\u0431.<\/td><td class=\"column-5\">\u043e\u0442 25000 \u0440\u0443\u0431.<\/td>\n<\/tr>\n<tr class=\"row-11\">\n\t<td class=\"column-1\">\u0411\u0430\u043d\u044f 10\u044510<\/td><td class=\"column-2\">\u043e\u0442 25000 \u0440\u0443\u0431.<\/td><td class=\"column-3\">\u043e\u0442 25000 \u0440\u0443\u0431.<\/td><td class=\"column-4\">\u043e\u0442 30000 \u0440\u0443\u0431.<\/td><td class=\"column-5\">\u043e\u0442 30000 \u0440\u0443\u0431.<\/td>\n<\/tr>\n<\/tbody>\n<\/table>\n<!-- #tablepress-11 from cache --><br \/>\n\n<table id=\"tablepress-12\" class=\"tablepress tablepress-id-12\">\n<thead>\n<tr class=\"row-1\">\n\t<th class=\"column-1\">\u041f\u043e\u0434\u044a\u0435\u043c \u0434\u043e\u043c\u0430 \u043d\u0430 \u0432\u0438\u043d\u0442\u043e\u0432\u044b\u0435 \u0441\u0432\u0430\u0438<\/th><th class=\"column-2\">\u0426\u0435\u043d\u0430 \u043c\u0430\u0442\u0435\u0440\u0438\u0430\u043b\u0430<\/th><th class=\"column-3\">\u0426\u0435\u043d\u0430 \u0440\u0430\u0431\u043e\u0442\u044b<\/th>\n<\/tr>\n<\/thead>\n<tbody class=\"row-striping row-hover\">\n<tr class=\"row-2\">\n\t<td class=\"column-1\">\u0414\u043e\u043c 5\u04455<\/td><td class=\"column-2\">\u043e\u0442 95 000<\/td><td class=\"column-3\">\u043e\u0442 50 900 \u0440\u0443\u0431.<\/td>\n<\/tr>\n<tr class=\"row-3\">\n\t<td class=\"column-1\"><\/td><td class=\"column-2\"><\/td><td class=\"column-3\"><\/td>\n<\/tr>\n<tr class=\"row-4\">\n\t<td class=\"column-1\">\u0414\u043e\u043c 6\u04456<\/td><td class=\"column-2\">\u043e\u0442 110 000 \u0440\u0443\u0431.<\/td><td class=\"column-3\">60 900 \u0440\u0443\u0431.<\/td>\n<\/tr>\n<tr class=\"row-5\">\n\t<td class=\"column-1\"><\/td><td class=\"column-2\"><\/td><td class=\"column-3\"><\/td>\n<\/tr>\n<tr class=\"row-6\">\n\t<td class=\"column-1\">\u0414\u043e\u043c 6\u04458<\/td><td class=\"column-2\">\u043e\u0442 135 000 \u0440\u0443\u0431.<\/td><td class=\"column-3\">70 900 \u0440\u0443\u0431.<\/td>\n<\/tr>\n<tr class=\"row-7\">\n\t<td class=\"column-1\"><\/td><td class=\"column-2\"><\/td><td class=\"column-3\"><\/td>\n<\/tr>\n<tr class=\"row-8\">\n\t<td class=\"column-1\">\u0414\u043e\u043c 8\u04458\/9\u04459<\/td><td class=\"column-2\">\u043e\u0442 155 000 \u0440\u0443\u0431.<\/td><td class=\"column-3\">90 900 \u0440\u0443\u0431.<\/td>\n<\/tr>\n<tr class=\"row-9\">\n\t<td class=\"column-1\"><\/td><td class=\"column-2\"><\/td><td class=\"column-3\"><\/td>\n<\/tr>\n<tr class=\"row-10\">\n\t<td class=\"column-1\">\u041f\u043e\u0434\u044a\u0435\u043c \u0434\u043e\u043c\u0430 \u043d\u0430 \u0431\u043b\u043e\u0447\u043d\u044b\u0439 \u0444\u0443\u043d\u0434\u0430\u043c\u0435\u043d\u0442<\/td><td class=\"column-2\">\u0426\u0435\u043d\u0430 \u043c\u0430\u0442\u0435\u0440\u0438\u0430\u043b\u0430<\/td><td class=\"column-3\">\u0426\u0435\u043d\u0430 \u0440\u0430\u0431\u043e\u0442\u044b<\/td>\n<\/tr>\n<tr class=\"row-11\">\n\t<td class=\"column-1\">\u0414\u043e\u043c 5\u04455<\/td><td class=\"column-2\">\u043e\u0442 17 400 \u0440\u0443\u0431.<\/td><td class=\"column-3\">\u043e\u0442 48 200 \u0440\u0443\u0431.<\/td>\n<\/tr>\n<tr class=\"row-12\">\n\t<td class=\"column-1\"><\/td><td class=\"column-2\"><\/td><td class=\"column-3\"><\/td>\n<\/tr>\n<tr class=\"row-13\">\n\t<td class=\"column-1\">\u0414\u043e\u043c 6\u04456<\/td><td class=\"column-2\">\u043e\u0442 23 200 \u0440\u0443\u0431.<\/td><td class=\"column-3\">\u043e\u0442 52 600 \u0440\u0443\u0431.<\/td>\n<\/tr>\n<tr class=\"row-14\">\n\t<td class=\"column-1\"><\/td><td class=\"column-2\"><\/td><td class=\"column-3\"><\/td>\n<\/tr>\n<tr class=\"row-15\">\n\t<td class=\"column-1\">\u0414\u043e\u043c 6\u04458<\/td><td class=\"column-2\">\u043e\u0442 29 000 \u0440\u0443\u0431.<\/td><td class=\"column-3\">\u043e\u0442 57 000 \u0440\u0443\u0431.<\/td>\n<\/tr>\n<tr class=\"row-16\">\n\t<td class=\"column-1\"><\/td><td class=\"column-2\"><\/td><td class=\"column-3\"><\/td>\n<\/tr>\n<tr class=\"row-17\">\n\t<td class=\"column-1\">\u0414\u043e\u043c 8\u04458\/9\u04459<\/td><td class=\"column-2\">\u043e\u0442 36 250 \u0440\u0443\u0431.<\/td><td class=\"column-3\">\u043e\u0442 62 500 \u0440\u0443\u0431.<\/td>\n<\/tr>\n<\/tbody>\n<\/table>\n<!-- #tablepress-12 from cache --><\/p>\n<div class=\"flat_pm_end\"><\/div>\n","protected":false},"excerpt":{"rendered":"","protected":false},"author":1,"featured_media":0,"parent":0,"menu_order":0,"comment_status":"closed","ping_status":"closed","template":"template-fullwidth.php","meta":{"footnotes":""},"class_list":["post-1496","page","type-page","status-publish","hentry"],"_links":{"self":[{"href":"https:\/\/okrugmorskoy.ru\/wp-json\/wp\/v2\/pages\/1496","targetHints":{"allow":["GET"]}}],"collection":[{"href":"https:\/\/okrugmorskoy.ru\/wp-json\/wp\/v2\/pages"}],"about":[{"href":"https:\/\/okrugmorskoy.ru\/wp-json\/wp\/v2\/types\/page"}],"author":[{"embeddable":true,"href":"https:\/\/okrugmorskoy.ru\/wp-json\/wp\/v2\/users\/1"}],"replies":[{"embeddable":true,"href":"https:\/\/okrugmorskoy.ru\/wp-json\/wp\/v2\/comments?post=1496"}],"version-history":[{"count":5,"href":"https:\/\/okrugmorskoy.ru\/wp-json\/wp\/v2\/pages\/1496\/revisions"}],"predecessor-version":[{"id":1574,"href":"https:\/\/okrugmorskoy.ru\/wp-json\/wp\/v2\/pages\/1496\/revisions\/1574"}],"wp:attachment":[{"href":"https:\/\/okrugmorskoy.ru\/wp-json\/wp\/v2\/media?parent=1496"}],"curies":[{"name":"wp","href":"https:\/\/api.w.org\/{rel}","templated":true}]}}