<?xml version="1.0" encoding="UTF-8"?><rss version="2.0"
	xmlns:content="http://purl.org/rss/1.0/modules/content/"
	xmlns:dc="http://purl.org/dc/elements/1.1/"
	xmlns:atom="http://www.w3.org/2005/Atom"
	xmlns:sy="http://purl.org/rss/1.0/modules/syndication/"
	
	>
<channel>
	<title>
	Комментарии на сайте Подъём домов Череповец	</title>
	<atom:link href="/comments/feed/" rel="self" type="application/rss+xml" />
	<link>https://podnimaem-dom.ru</link>
	<description></description>
	<lastBuildDate>Fri, 20 Dec 2024 18:41:26 +0000</lastBuildDate>
	<sy:updatePeriod>
	hourly	</sy:updatePeriod>
	<sy:updateFrequency>
	1	</sy:updateFrequency>
	</channel>
</rss>
