{"id":1490,"date":"2024-11-27T18:07:38","date_gmt":"2024-11-27T15:07:38","guid":{"rendered":"https:\/\/okrugmorskoy.ru\/?page_id=1490"},"modified":"2024-12-20T18:54:54","modified_gmt":"2024-12-20T15:54:54","slug":"aktsiya","status":"publish","type":"page","link":"https:\/\/okrugmorskoy.ru\/aktsiya\/","title":{"rendered":"\u0410\u043a\u0446\u0438\u044f"},"content":{"rendered":"<div class=\"flat_pm_start\"><\/div>\n<p><span style=\"color: #ff0000;\"><strong>\u0410\u043a\u0446\u0438\u044f \u0434\u043e 30.07.2025!<\/strong><\/span><\/p>\n<p><strong>\u0414\u041e 30 \u0438\u044e\u043b\u044f 2025 \u0433\u043e\u0434\u0430<\/strong> \u043f\u0440\u0438 \u0437\u0430\u043a\u0430\u0437\u0435 \u0443\u0441\u043b\u0443\u0433\u0438 \u043f\u0435\u0440\u0435\u043d\u043e\u0441\u0430 &#171;\u0434\u043e\u043c\u0430 \u043f\u043e\u0434 \u043a\u043b\u044e\u0447&#187; &#8212; <strong>\u0441\u043a\u0438\u0434\u043a\u0430 20% \u043d\u0430 \u0440\u0430\u0431\u043e\u0442\u044b<\/strong>.<\/p>\n<p>\u0417\u0430\u044f\u0432\u043a\u0438 \u043d\u0430 \u0437\u0430\u043c\u0435\u0440 \u0438 \u0441\u043c\u0435\u0442\u0443 <strong>\u0434\u043e 31.06.2025.<\/strong> \u0423\u0441\u043f\u0435\u0439\u0442\u0435 \u043f\u0435\u0440\u0435\u043d\u0435\u0441\u0442\u0438 \u0432\u0430\u0448 \u0434\u043e\u043c \u043f\u043e \u0441\u043d\u0438\u0436\u0435\u043d\u043d\u043e\u0439 \u0446\u0435\u043d\u0435.<\/p>\n<p><a href=\"https:\/\/okrugmorskoy.ru\/wp-content\/uploads\/2024\/12\/skolko-stoit-podnyat-dom-iz-brevna.jpg\"><img loading=\"lazy\" decoding=\"async\" width=\"300\" height=\"300\" class=\"alignnone size-medium wp-image-1549\" src=\"https:\/\/okrugmorskoy.ru\/wp-content\/uploads\/2024\/12\/skolko-stoit-podnyat-dom-iz-brevna-300x300.jpg\" alt=\"\" srcset=\"https:\/\/okrugmorskoy.ru\/wp-content\/uploads\/2024\/12\/skolko-stoit-podnyat-dom-iz-brevna-300x300.jpg 300w, https:\/\/okrugmorskoy.ru\/wp-content\/uploads\/2024\/12\/skolko-stoit-podnyat-dom-iz-brevna-1024x1024.jpg 1024w, https:\/\/okrugmorskoy.ru\/wp-content\/uploads\/2024\/12\/skolko-stoit-podnyat-dom-iz-brevna-150x150.jpg 150w, https:\/\/okrugmorskoy.ru\/wp-content\/uploads\/2024\/12\/skolko-stoit-podnyat-dom-iz-brevna-1536x1536.jpg 1536w, https:\/\/okrugmorskoy.ru\/wp-content\/uploads\/2024\/12\/skolko-stoit-podnyat-dom-iz-brevna-2048x2048.jpg 2048w, https:\/\/okrugmorskoy.ru\/wp-content\/uploads\/2024\/12\/skolko-stoit-podnyat-dom-iz-brevna-310x310.jpg 310w, https:\/\/okrugmorskoy.ru\/wp-content\/uploads\/2024\/12\/skolko-stoit-podnyat-dom-iz-brevna-100x100.jpg 100w\" sizes=\"auto, (max-width: 300px) 100vw, 300px\" \/><\/a><\/p>\n<div class=\"flat_pm_end\"><\/div>\n","protected":false},"excerpt":{"rendered":"<p>\u0410\u043a\u0446\u0438\u044f \u0434\u043e 30.07.2025! \u0414\u041e 30 \u0438\u044e\u043b\u044f 2025 \u0433\u043e\u0434\u0430 \u043f\u0440\u0438 \u0437\u0430\u043a\u0430\u0437\u0435 \u0443\u0441\u043b\u0443\u0433\u0438 \u043f\u0435\u0440\u0435\u043d\u043e\u0441\u0430 &#171;\u0434\u043e\u043c\u0430 \u043f\u043e\u0434 \u043a\u043b\u044e\u0447&#187; &#8212; \u0441\u043a\u0438\u0434\u043a\u0430 20% \u043d\u0430 \u0440\u0430\u0431\u043e\u0442\u044b. \u0417\u0430\u044f\u0432\u043a\u0438 \u043d\u0430 \u0437\u0430\u043c\u0435\u0440 \u0438 \u0441\u043c\u0435\u0442\u0443 \u0434\u043e 31.06.2025. \u0423\u0441\u043f\u0435\u0439\u0442\u0435 \u043f\u0435\u0440\u0435\u043d\u0435\u0441\u0442\u0438 \u0432\u0430\u0448 \u0434\u043e\u043c \u043f\u043e \u0441\u043d\u0438\u0436\u0435\u043d\u043d\u043e\u0439 \u0446\u0435\u043d\u0435.<\/p>\n","protected":false},"author":1,"featured_media":0,"parent":0,"menu_order":0,"comment_status":"closed","ping_status":"closed","template":"","meta":{"footnotes":""},"class_list":["post-1490","page","type-page","status-publish","hentry"],"_links":{"self":[{"href":"https:\/\/okrugmorskoy.ru\/wp-json\/wp\/v2\/pages\/1490","targetHints":{"allow":["GET"]}}],"collection":[{"href":"https:\/\/okrugmorskoy.ru\/wp-json\/wp\/v2\/pages"}],"about":[{"href":"https:\/\/okrugmorskoy.ru\/wp-json\/wp\/v2\/types\/page"}],"author":[{"embeddable":true,"href":"https:\/\/okrugmorskoy.ru\/wp-json\/wp\/v2\/users\/1"}],"replies":[{"embeddable":true,"href":"https:\/\/okrugmorskoy.ru\/wp-json\/wp\/v2\/comments?post=1490"}],"version-history":[{"count":4,"href":"https:\/\/okrugmorskoy.ru\/wp-json\/wp\/v2\/pages\/1490\/revisions"}],"predecessor-version":[{"id":1565,"href":"https:\/\/okrugmorskoy.ru\/wp-json\/wp\/v2\/pages\/1490\/revisions\/1565"}],"wp:attachment":[{"href":"https:\/\/okrugmorskoy.ru\/wp-json\/wp\/v2\/media?parent=1490"}],"curies":[{"name":"wp","href":"https:\/\/api.w.org\/{rel}","templated":true}]}}